failure_id,occurred_on,source_kind,result_id,run_id,stage,location,failure_class,observed_failure,root_cause,evidence_path,prevention_tier,prevention_artifact,prevention_test,status
FR-0001,2026-09-16,closure,RESULT-0036,RESULT-0036-confirmation-33200000-33200007,RECOMPUTATION,experiments/RESULT-0036/recompute.js,INSTRUMENT_FAILURE,"Executable closure changed exact completeness from 70 to 68 games.","The registered recomputation reran wall-clock-limited enumeration instead of reducing the immutable corpus.",experiments/RESULT-0036/closure.json,SCRIPT,experiments/RESULT-0043/recompute.js,experiments/RESULT-0043/verify.test.js,PREVENTED
FR-0002,2026-09-16,closure,RESULT-0037,RESULT-0037-confirmation-33400000-33400007,CLOSEOUT,experiments/RESULT-0037/closeout-contract.json,SETUP_MISTAKE,"The frozen executable closeout could not byte-compare its result.","The recomputation command wrote a file while the closure verifier required the same bytes on stdout.",experiments/RESULT-0037/closure.json,SCRIPT,experiments/RESULT-0043/closeout-contract.json,experiments/RESULT-0043/verify.test.js,PREVENTED
FR-0003,2026-09-16,closure,RESULT-0041,RESULT-0041-confirmation-attempt-1,EXECUTION,experiments/RESULT-0041/run.js,EXECUTION_FAILURE,"The sole confirmation stopped after 96 of 128 games and retained no outcome rows.","The registered 30-second emergency watchdog was shorter than a valid deterministic path-state-capped game.",experiments/RESULT-0041/closure.json,CONTROL,experiments/RESULT-0042/run.js,experiments/RESULT-0042/run.test.js,PREVENTED
FR-0004,2026-09-16,closure,RESULT-0042,RESULT-0042-confirmation-33900000-33900007,CLOSEOUT,experiments/RESULT-0042/closeout-contract.json,SETUP_MISTAKE,"The required executable closeout exited 1 without running the reducer.","Repository-root-relative argv was executed from the experiment directory because the frozen contract declared the wrong cwd.",experiments/RESULT-0042/closure.json,CONTROL,experiments/RESULT-0043/closeout-contract.json,experiments/RESULT-0043/verify.test.js,PREVENTED
FR-0005,2026-08-30,legacy,LEGACY,target-aware-promotion-rehearsal-2026-08-30,VERDICT,external:solver/promotion-replay.js#validateLevel53Comparison,INSTRUMENT_FAILURE,"The Level 53 verdict threw before persisting the first differing seed or full paired counts.","The one-shot comparator applied its fail-fast verdict before writing the complete paired result artifact.",docs/failed-runs/FR-0005.md,SCRIPT,tools/persist-before-verdict.js,solver/tests/persistBeforeVerdict.test.js,PREVENTED
FR-0006,2026-09-28,legacy,LEGACY,LC-0002-qualification-attempt-1,QUALIFICATION,tools/qualify-built-reservoir-proxy.js#requireIdentity,SETUP_MISTAKE,"The qualification command supplied the wrong expected contract SHA-256 and stopped before collecting any panel cell.","The invocation accepted manually transcribed expected hashes instead of consuming a mechanically derived identity manifest.",docs/failed-runs/FR-0006.md,SCRIPT,tools/qualify-built-reservoir-proxy.js,solver/tests/builtReservoirProbe.test.js,PREVENTED
FR-0007,2026-09-28,legacy,LEGACY,LC-0009-REPORTABLE-1,CLOSEOUT,tools/diagnose-lc0009-route-readiness.js#assessRouteReadiness,INSTRUMENT_FAILURE,"The retained move-9 champion timeline falsely named three valid doubling links as missing while earlier route inputs were absent.","The assessor passed a prefix filtered to currently live nodes into an incremental chain helper instead of evaluating each pair at its original frozen route index.",docs/failed-runs/FR-0007.md,SCRIPT,tools/diagnose-lc0010-route-readiness-repair.js,solver/tests/lc0010RouteReadinessRepair.test.js,PREVENTED
FR-0008,2026-09-30,legacy,LEGACY,LC-0016-FIRST-CARRIER-PATH-EXHAUSTIVE,EXECUTION,tools/diagnose-lc0016-first-carrier-path.js,INSTRUMENT_FAILURE,"The initial full-board path search did not finish within the normal 30-second check window on retained continuation states.","The diagnostic enumerated every simple legal board path even though its stated question was only when the retained replay actually reused the tracked survivor.",docs/failed-runs/FR-0008.md,SCRIPT,tools/diagnose-lc0016-first-carrier-path.js,solver/tests/lc0016FirstCarrierPath.test.js,PREVENTED
FR-0009,2026-09-30,closure,RESULT-0078,RESULT-0078-confirmation-47000000-47000019,CLOSEOUT,experiments/RESULT-0078/close.js,PROTOCOL_MISTAKE,"The frozen closer emitted CLOSED while a required primary claim P1 was FAIL, so the verifier rejected the receipt.","The closer treated a failed hypothesis prediction as a failed closure claim instead of separating a valid falsified outcome from closeout validity.",experiments/RESULT-0078/closure.json,CONTROL,tools/vendor/close-experiment/verify_closure.py,solver/tests/closeoutVerifier.test.js,PREVENTED
