id,round,kind,coordinate,dose,hypothesis,configPath,outcome,recheckBlock,recheckNetWins,recheckMeanMovesSaved,recheckCi95,gateNetWins,gateMeanMovesSaved,gateCi95
"P01","1","generation","occupancy","0.001","Offering untrimmed chains with occupancy price 0.001 may recover useful chains while charging their off-lattice occupancy cost.","solver/policy-lab/runs/resume/candidates/round-01.js","NOT_PROMISING","","","","UNVERIFIED_NOT_RUN","-61","-1.5926640926640927","[-1.9854827874730088,-1.1998453978551766]"
"P02","2","generation","occupancy","1","Offering untrimmed chains with occupancy price 1 may recover useful chains while charging their off-lattice occupancy cost.","solver/policy-lab/runs/resume/candidates/round-02.js","NOT_PROMISING","","","","UNVERIFIED_NOT_RUN","-60","-1.5992292870905587","[-1.9934944936125631,-1.2049640805685542]"
"P03","3","generation","occupancy","8","Offering untrimmed chains with occupancy price 8 may recover useful chains while charging their off-lattice occupancy cost.","solver/policy-lab/runs/resume/candidates/round-03.js","NOT_PROMISING","","","","UNVERIFIED_NOT_RUN","-55","-1.5858778625954197","[-1.983779275274839,-1.1879764499160004]"
"P04","4","generation","occupancy","128","Offering untrimmed chains with occupancy price 128 may recover useful chains while charging their off-lattice occupancy cost.","solver/policy-lab/runs/resume/candidates/round-04.js","NOT_PROMISING","","","","UNVERIFIED_NOT_RUN","-2","-0.5486111111111112","[-0.8693794495132778,-0.22784277270894449]"
"P05","5","generation","occupancy","1000000","Offering untrimmed chains with occupancy price 1000000 may recover useful chains while charging their off-lattice occupancy cost.","solver/policy-lab/runs/resume/candidates/round-05.js","NOT_PROMISING","","","","UNVERIFIED_NOT_RUN","-5","-0.7818499127399651","[-1.081158431518342,-0.48254139396158807]"
"P06","6","generation","width","28","Retaining 28 candidates may preserve useful chains omitted by the immediate-points cut and reduce moves to target.","solver/policy-lab/runs/resume/candidates/round-06.js","NOT_ACCEPTED","R1","1","0.037996545768566495","[-0.07500757713315764,0.15100066867029063]","0","0.04145077720207254","[-0.03615319568020715,0.11905475008435223]"
"P07","7","generation","width","32","Retaining 32 candidates may preserve useful chains omitted by the immediate-points cut and reduce moves to target.","solver/policy-lab/runs/resume/candidates/round-07.js","ACCEPTED","R2","0","0.18858131487889274","[0.05752459666465262,0.3196380330931329]","0","0.08290155440414508","[-0.018175421534703085,0.18397853034299325]"
"P08","8","generation","width","40","Retaining 40 candidates may preserve useful chains omitted by the immediate-points cut and reduce moves to target.","solver/policy-lab/runs/resume/candidates/round-08.js","ACCEPTED","R3","0","0.1923743500866551","[0.01801959478746848,0.3667291053858417]","0","0.1226252158894646","[0.01997783001959394,0.22527260175933525]"
"P09","9","generation","width","48","Retaining 48 candidates may preserve useful chains omitted by the immediate-points cut and reduce moves to target.","solver/policy-lab/runs/resume/candidates/round-09.js","ACCEPTED","R4","0","0.27461139896373055","[0.10734304457558164,0.44187975335187946]","0","0.18652849740932642","[0.0835336662363652,0.28952332858228763]"
"P10","10","generation","width","64","Retaining 64 candidates may preserve useful chains omitted by the immediate-points cut and reduce moves to target.","solver/policy-lab/runs/resume/candidates/round-10.js","NOT_ACCEPTED","R5","-1","0.1692573402417962","[0.03405835430536677,0.3044563261782256]","0","0.17616580310880828","[0.0656746206751783,0.28665698554243824]"
"P11","11","generation","pathWidth","10","Keeping 10 partial paths per start may find useful chains absent from the champion pool and reduce moves to target.","solver/policy-lab/runs/resume/candidates/round-11.js","NOT_PROMISING","","","","UNVERIFIED_NOT_RUN","-1","-0.04679376083188908","[-0.32795725987387137,0.23436973821009321]"
"P12","12","generation","pathWidth","12","Keeping 12 partial paths per start may find useful chains absent from the champion pool and reduce moves to target.","solver/policy-lab/runs/resume/candidates/round-12.js","NOT_PROMISING","","","","UNVERIFIED_NOT_RUN","-2","0.14731369150779897","[-0.04228571271106152,0.33691309572665945]"
"P13","13","generation","pathWidth","16","Keeping 16 partial paths per start may find useful chains absent from the champion pool and reduce moves to target.","solver/policy-lab/runs/resume/candidates/round-13.js","NOT_ACCEPTED","R6","-2","0.04498269896193772","[-0.16313599225105585,0.2531013901749313]","0","0.17962003454231434","[-0.07688405458647624,0.4361241236711049]"
"P14","14","generation","pathWidth","20","Keeping 20 partial paths per start may find useful chains absent from the champion pool and reduce moves to target.","solver/policy-lab/runs/resume/candidates/round-14.js","NOT_PROMISING","","","","UNVERIFIED_NOT_RUN","-1","0.16782006920415224","[-0.08914447363571967,0.4247846120440242]"
"P15","15","generation","pathWidth","24","Keeping 24 partial paths per start may find useful chains absent from the champion pool and reduce moves to target.","solver/policy-lab/runs/resume/candidates/round-15.js","NOT_PROMISING","","","","UNVERIFIED_NOT_RUN","-2","0.2738301559792028","[0.054600884132866234,0.49305942782553935]"
